Algorithm,K=1,K=10,K=50,K=100,
Seed TD,732.69140625,3.645703125,2.9903125,1.876640625,
