Algorithm,K=1,K=10,K=50,K=100,
Seed TD,3316.1051273345947,545.4213857650757,573.2159376144409,570.7195854187012,
