Algorithm,K=1,K=10,K=100,K=1000,
Seed TD,136.765625,0.005859375,0.000703125,0.00034375,
Seed LSVI,51.109375,0.002734375,3.90625e-05,5.859375e-05,
