Algorithm,K=1,K=10,K=50,K=100,
Seed TD,0.33203125,0.155078125,-0.011875,0.1382421875,
Seed LSVI,1.01953125,0.04609375,0.01046875,0.009609375,
