Algorithm,K=1,K=10,K=100,K=1000,
Seed TD,27.0546875,1.132421875,0.147109375,-0.00295703125,
Seed LSVI,0.0,0.06171875,-0.0130078125,-0.00385546875,
