Algorithm,K=1,K=10,K=50,K=100,
Seed TD,144.37890625,10.651171875,0.021953125,0.0099609375,
Seed LSVI,0.3203125,5.720703125,0.0109375,0.0069921875,
