Algorithm,K=1,K=10,K=100,K=1000,
Seed TD,0.4609375,0.00859375,0.0009375,0.00092578125,
Seed LSVI,1.30859375,0.0,0.0,0.00040234375,
